{
    "minecraft:entity": {
        "format_version": "1.13.0",
        "description": {
            "identifier": "sirlich:box",
            "is_summonable": true,
            "is_spawnable": true,
            "is_experimental": false
        },
        "components": {
            "minecraft:type_family": {
            },
	    "minecraft:damage_sensor": {
	        "triggers": {
		    "on_damage": {
		       "filters": {}
		    },
		    "deals_damage": false
	         }
	    },
            "minecraft:health": {
                "value": 1,
                "max": 1
            },
            "minecraft:knockback_resistance": {
                "value": 1,
                "max": 1
            },
            "minecraft:push_through": {
                "value": 1
            },
            "minecraft:collision_box": {
                "width": 1,
                "height": 1
            },
            "minecraft:physics": {}
        }
    }
}