{
	"format_version": "1.10.0",
	"render_controllers": {
		"controller.render.wood_and_wool": {
			"arrays": {
				"textures": {
					"Array.wood": [
						"Texture.spruce",
						"Texture.oak",
						"Texture.birch"
					],
					"Array.wool": [
						"Texture.yellow",
						"Texture.blue",
						"Texture.red",
						"Texture.green",
						"Texture.pink"

					]
				}
			},
			"geometry": "Geometry.default",
			"materials": [
				{
					"*": "Material.default"
				}
			],
			"textures": [
				"Array.wool[query.variant]",
				"Array.wood[query.mark_variant]"
			]
		}
	}
}